{
    "1_0_1_0_0_1_0_0_0_0_0_1": 2.5070140635005864e-08,
    "0_0_0_0_0_1_0_0_0_1_0_1": 2.1752574207570827e-09,
    "0_0_0_0_0_1_0_0_0_0_1_1": 7.544496718458498e-09,
    "1_0_1_1_0_1_0_0_0_0_0_1": 2.1678791922830397e-08,
    "1_1_0_1_1_1_0_0_0_0_1_1": 8.644764038295979e-09,
    "1_0_0_1_0_1_0_1_0_0_0_1": 1.957030474217739e-09,
    "1_1_0_0_0_1_0_1_0_1_0_1": 1.0271097136514028e-09,
    "0_1_0_1_0_1_0_0_0_0_1_1": 7.366608488447879e-09,
    "1_1_1_1_0_1_0_0_0_0_0_1": 2.4507340056092025e-08,
    "0_0_0_1_0_1_0_1_0_0_0_1": 2.2047430450727466e-09,
    "1_1_0_1_1_1_0_0_0_1_0_1": 3.9649310489285254e-09,
    "1_0_0_0_1_1_0_0_0_0_1_1": 8.742368659158281e-09,
    "1_0_0_1_0_1_0_1_0_1_0_1": 9.255267982985622e-10,
    "0_1_0_1_0_1_0_0_0_1_1_1": 2.1262777268084707e-09,
    "1_0_0_1_1_1_0_1_0_1_0_1": 1.614753812749268e-09,
    "0_0_0_1_1_1_0_0_0_1_1_1": 3.728068209800995e-09,
    "1_0_0_0_1_1_0_0_0_1_1_1": 3.2161458544593185e-09,
    "0_1_0_0_0_1_0_0_0_1_0_1": 2.883424983909011e-09,
    "1_0_1_0_0_1_0_0_0_1_0_1": 2.4627945595609395e-09,
    "1_1_0_0_0_1_0_0_0_1_1_1": 2.034727095632308e-09,
    "1_1_1_0_0_1_0_0_0_0_0_1": 2.567748571653661e-08,
    "1_1_0_1_0_1_0_1_0_1_0_1": 8.969318149664185e-10,
    "0_0_0_1_1_1_0_0_0_0_1_1": 9.540069018367374e-09,
    "1_1_0_0_0_1_0_0_0_0_1_1": 5.79729464671896e-09,
    "0_0_1_1_0_1_0_0_1_0_0_0": 9.692615532362277e-07,
    "0_0_0_1_0_1_0_0_0_0_1_1": 6.2932925258654045e-09,
    "1_1_0_0_1_1_0_0_0_0_0_1": 2.6027743355842526e-08,
    "1_0_0_0_0_1_0_1_0_1_0_1": 1.0237122640653498e-09,
    "0_0_0_1_0_1_0_0_0_1_0_1": 2.2485954271272617e-09,
    "1_0_0_1_1_1_0_0_0_1_1_1": 3.3040556000674265e-09,
    "0_0_0_0_0_1_0_0_0_1_1_1": 2.0359345714960532e-09,
    "1_0_1_1_0_1_0_0_0_1_0_1": 2.2013927661162747e-09,
    "1_1_0_0_1_1_0_0_0_1_1_1": 4.121030911277187e-09,
    "1_0_0_0_0_1_0_1_0_0_0_1": 1.94272329092963e-09,
    "0_0_0_0_0_1_0_0_0_0_0_1": 2.1681536950320197e-08,
    "1_1_0_0_0_1_0_1_0_0_0_1": 2.1466460351328014e-09,
    "1_0_1_0_0_1_0_0_0_0_1_1": 7.113964005047104e-09,
    "0_1_0_0_0_1_0_0_0_0_0_1": 2.1729834808576166e-08,
    "0_1_1_0_1_1_0_1_1_0_1_1": 5.411305968409785e-10,
    "1_0_1_1_1_1_0_0_0_1_0_1": 4.311237591000761e-09,
    "0_1_0_1_0_1_0_0_0_0_0_1": 2.0833513751888493e-08,
    "1_0_1_1_0_1_0_0_0_0_1_1": 6.177409979924026e-09,
    "1_0_1_0_1_1_0_0_0_0_0_1": 3.126533179010852e-08,
    "0_1_1_0_1_1_0_1_1_1_1_1": 9.816805282352006e-10,
    "1_0_0_1_1_1_0_1_0_0_0_1": 3.0348398929288257e-09,
    "1_0_0_0_0_1_0_0_0_1_1_1": 2.0662240347459085e-09,
    "0_0_0_1_1_1_0_0_0_0_0_1": 2.5229051605675614e-08,
    "1_0_1_1_0_1_0_1_1_0_0_0": 1.0426242908214735e-06,
    "0_1_0_1_0_1_0_0_0_1_0_1": 2.5750436886181285e-09,
    "0_1_0_0_1_1_0_0_0_0_0_1": 3.228861289049724e-08,
    "1_1_0_1_0_1_0_0_0_0_1_1": 5.5153067113112e-09,
    "1_1_0_1_1_1_0_0_0_1_1_1": 3.81147622832591e-09,
    "1_0_0_0_1_1_0_1_0_0_0_1": 3.021269922389592e-09,
    "0_0_0_1_1_1_0_0_0_1_0_1": 4.346613347746861e-09,
    "1_0_0_1_0_1_0_1_0_1_1_1": 8.259731467035432e-10,
    "1_1_0_0_0_1_0_0_0_1_0_1": 2.5784658605197927e-09,
    "1_1_0_0_1_1_0_0_0_1_0_1": 3.844340222231232e-09,
    "1_1_0_1_0_1_0_1_0_0_0_1": 1.7797094879929882e-09,
    "0_0_1_1_0_1_0_1_1_0_0_0": 9.993865357816093e-07,
    "1_0_0_0_1_1_0_1_0_1_0_1": 1.7979546997718425e-09,
    "1_0_0_0_1_1_0_0_0_1_0_1": 3.87314102137355e-09,
    "1_0_0_1_1_1_0_0_0_0_1_1": 6.744801779443323e-09,
    "1_0_0_1_0_1_0_1_0_0_1_1": 5.742528344673145e-10,
    "0_0_0_0_1_1_0_0_0_1_0_1": 4.1918385057212735e-09,
    "0_1_0_1_1_1_0_0_0_0_0_1": 2.7793678957697872e-08,
    "1_1_0_1_0_1_0_0_0_1_1_1": 1.862127673651141e-09,
    "1_1_0_0_1_1_0_0_0_0_1_1": 8.617500129213345e-09,
    "0_0_0_0_1_1_0_0_0_0_0_1": 3.213989471762285e-08,
    "1_0_0_0_0_1_0_1_0_1_1_1": 7.89681542335491e-10,
    "0_1_0_1_1_1_0_0_0_1_0_1": 4.3088506610969855e-09,
    "0_0_0_1_0_1_0_0_0_1_1_1": 2.0775337908811613e-09,
    "1_0_1_1_1_1_0_0_0_0_0_1": 2.912922763626188e-08,
    "1_0_1_1_0_1_0_0_0_1_1_1": 1.885992833544437e-09
}