{
    "1_0_1_0_0_1_0_0_0_0_0_1": 1.0,
    "0_0_0_0_0_1_0_0_0_1_0_1": 1.0,
    "0_0_0_0_0_1_0_0_0_0_1_1": 1.0,
    "1_0_1_1_0_1_0_0_0_0_0_1": 1.0,
    "1_1_0_1_1_1_0_0_0_0_1_1": 1.0,
    "1_0_0_1_0_1_0_1_0_0_0_1": 1.0,
    "1_1_0_0_0_1_0_1_0_1_0_1": 0,
    "0_1_0_1_0_1_0_0_0_0_1_1": 1.0,
    "1_1_1_1_0_1_0_0_0_0_0_1": 0,
    "0_0_0_1_0_1_0_1_0_0_0_1": 1.0,
    "1_1_0_1_1_1_0_0_0_1_0_1": 1.0,
    "1_0_0_0_1_1_0_0_0_0_1_1": 1.0,
    "1_0_0_1_0_1_0_1_0_1_0_1": 1.0,
    "0_1_0_1_0_1_0_0_0_1_1_1": 1.0,
    "1_0_0_1_1_1_0_1_0_1_0_1": 1.0,
    "0_0_0_1_1_1_0_0_0_1_1_1": 1.0,
    "1_0_0_0_1_1_0_0_0_1_1_1": 1.0,
    "0_1_0_0_0_1_0_0_0_1_0_1": 1.0,
    "1_0_1_0_0_1_0_0_0_1_0_1": 0,
    "1_1_0_0_0_1_0_0_0_1_1_1": 1.0,
    "1_1_1_0_0_1_0_0_0_0_0_1": 0,
    "1_1_0_1_0_1_0_1_0_1_0_1": 0,
    "0_0_0_1_1_1_0_0_0_0_1_1": 1.0,
    "1_1_0_0_0_1_0_0_0_0_1_1": 1.0,
    "0_0_1_1_0_1_0_0_1_0_0_0": 1.0,
    "0_0_0_1_0_1_0_0_0_0_1_1": 4.797837224604773e-30,
    "1_1_0_0_1_1_0_0_0_0_0_1": 1.0,
    "1_0_0_0_0_1_0_1_0_1_0_1": 1.0,
    "0_0_0_1_0_1_0_0_0_1_0_1": 2.7897786782607865e-30,
    "1_0_0_1_1_1_0_0_0_1_1_1": 1.0,
    "0_0_0_0_0_1_0_0_0_1_1_1": 1.0,
    "1_0_1_1_0_1_0_0_0_1_0_1": 0,
    "1_1_0_0_1_1_0_0_0_1_1_1": 0,
    "1_0_0_0_0_1_0_1_0_0_0_1": 1.0,
    "0_0_0_0_0_1_0_0_0_0_0_1": 1.2733576113637353e-29,
    "1_1_0_0_0_1_0_1_0_0_0_1": 0,
    "1_0_1_0_0_1_0_0_0_0_1_1": 0,
    "0_1_0_0_0_1_0_0_0_0_0_1": 1.0,
    "0_1_1_0_1_1_0_1_1_0_1_1": 1.0,
    "1_0_1_1_1_1_0_0_0_1_0_1": 0,
    "0_1_0_1_0_1_0_0_0_0_0_1": 1.2615533743518615e-29,
    "1_0_1_1_0_1_0_0_0_0_1_1": 0,
    "1_0_1_0_1_1_0_0_0_0_0_1": 0,
    "0_1_1_0_1_1_0_1_1_1_1_1": 4.579584850900202e-31,
    "1_0_0_1_1_1_0_1_0_0_0_1": 1.0,
    "1_0_0_0_0_1_0_0_0_1_1_1": 1.0,
    "0_0_0_1_1_1_0_0_0_0_0_1": 6.838556524160207e-30,
    "1_0_1_1_0_1_0_1_1_0_0_0": 1.0,
    "0_1_0_1_0_1_0_0_0_1_0_1": 1.0,
    "0_1_0_0_1_1_0_0_0_0_0_1": 1.0,
    "1_1_0_1_0_1_0_0_0_0_1_1": 1.0,
    "1_1_0_1_1_1_0_0_0_1_1_1": 1.0,
    "1_0_0_0_1_1_0_1_0_0_0_1": 0,
    "0_0_0_1_1_1_0_0_0_1_0_1": 1.0,
    "1_0_0_1_0_1_0_1_0_1_1_1": 0,
    "1_1_0_0_0_1_0_0_0_1_0_1": 1.0,
    "1_1_0_0_1_1_0_0_0_1_0_1": 1.0,
    "1_1_0_1_0_1_0_1_0_0_0_1": 0,
    "0_0_1_1_0_1_0_1_1_0_0_0": 1.0,
    "1_0_0_0_1_1_0_1_0_1_0_1": 0,
    "1_0_0_0_1_1_0_0_0_1_0_1": 1.0,
    "1_0_0_1_1_1_0_0_0_0_1_1": 1.0,
    "1_0_0_1_0_1_0_1_0_0_1_1": 0,
    "0_0_0_0_1_1_0_0_0_1_0_1": 1.0,
    "0_1_0_1_1_1_0_0_0_0_0_1": 1.0,
    "1_1_0_1_0_1_0_0_0_1_1_1": 1.0,
    "1_1_0_0_1_1_0_0_0_0_1_1": 0,
    "0_0_0_0_1_1_0_0_0_0_0_1": 1.0,
    "1_0_0_0_0_1_0_1_0_1_1_1": 0,
    "0_1_0_1_1_1_0_0_0_1_0_1": 1.0,
    "0_0_0_1_0_1_0_0_0_1_1_1": 1.0,
    "1_0_1_1_1_1_0_0_0_0_0_1": 0,
    "1_0_1_1_0_1_0_0_0_1_1_1": 0
}